FILTRO FILA,,,,,,,,,,,,,,,,,
1,lentil fried ball with yogurt sauce,,,,,,Costo por ración,"0,65 €",,Vegan Buddha bowls with yogurt chutney,,,,,,Costo por ración,"1,08 €"
,,,,Raciones,,"25,00",,,,,,,Raciones,,"25,00",,
,Ingredientes,,Gr porcion,Gramaje total,Unid,Costo unitario,,,,Ingredientes,,Gr porcion,Gramaje total,Unid,Costo unitario,,
,Lentejas,Sin asignar,60,1500,Gr,"2,40",,,,Patatas dulce,Verdura,50,1250,Gr,"4,25",,
,Chile en polvo,Sin asignar,20,500,Gr,"3,57",,,,aceite oliva,Grasa,5,125,Gr,"0,49",,
,sal,Sin asignar,2,50,Ml,"0,02",,,,Chile en polvo,Sin asignar,2,50,Ml,"0,36",,
,Yogurt blanco,Lacteos,70,1750,Ml,"2,33",,,,Pimentón dulce,Sin asignar,3,75,Ml,"0,80",,
,comino molido,Sin asignar,15,375,Gr,"3,46",,,,jengibre,Verdura,2,50,Gr,"0,40",,
,pimienta negra,Sin asignar,3,75,Gr,"1,04",,,,Comino molido,Sin asignar,2,50,Gr,"0,46",,
,Chutney de tamarindo,No encontrado,10,250,GR,,,,,sal,Sin asignar,3,75,GR,"0,03",,
,Aceite girasol,Grasa,80,2000,GR,"3,48",,,,Garbanzo cocido,Proteina,150,3750,GR,"5,18",,
,,,,,GR,-,,,,Arroz Largo,H.Carbono,120,3000,GR,"4,05",,
,,,,,,-,,,,espinaca fresca,Verdura,20,500,,"2,07",,
,,,,,,-,,,,aguacate,Verdura,50,1250,,"5,75",,
,,,,,,-,Resumen nutricional,Pax,,Calabacín,Verdura,80,2000,,"3,20",Resumen nutricional,Pax
,,,,,,-,H.Carbono,0,,,,,,,-,H.Carbono,120
,,,,,,-,Proteina,0,,,,,,,-,Proteina,150
,,,,,,-,Verdura,0,,,,,,,-,Verdura,202
,,,,,,-,Total gr plato:,260,,,,,,,-,Total gr plato:,487
,,,,,,-,Costo por ración,"€0,65",,,,,,,-,Costo por ración,"€1,08"
,,,,,,-,Costo total,"€16,30",,,,,,,-,Costo total,"€27,03"
,Elaboracion,,,,,,,,,Elaboracion,,,,,,,
,1,,,,,,,,,1,,,,,,,
,2,,,,,,,,,2,,,,,,,
,3,,,,,,,,,3,,,,,,,
,4,,,,,,,,,4,,,,,,,
,5,,,,,,,,,5,,,,,,,
,6,,,,,,,,,6,,,,,,,
,,,,,,,,,,,,,,,,,
,,,,,,,,,,,,,,,,,
2,Chick pea coconut curry / rice,,,,,,Costo por ración,"1,33 €",,Vegetarian curry / rice,,,,,,Costo por ración,"1,12 €"
,,,,Raciones,,"25,00",,,,,,,Raciones,,"25,00",,
,Ingredientes,,Gr porcion,Gramaje total,Unid,Costo unitario,,,,Ingredientes,,Gr porcion,Gramaje total,Unid,Costo unitario,,
,Garbanzos,Proteina,200,5000,Gr,"7,80",,,,Mantequilla,Lacteos,10,250,Gr,"2,25",,
,Leche de coco,Sin asignar,100,2500,Gr,"7,98",,,,berenjena,Verdura,50,1250,Gr,"2,44",,
,Tomate triturado,Sin asignar,50,1250,Ml,"1,53",,,,Carne soja,Proteina,15,375,Ml,"5,06",,
,Cebolla,Verdura,50,1250,Ml,"2,81",,,,Zanahoria,Verdura,30,750,Ml,"0,86",,
,Ajo Morado,Verdura,5,125,Gr,"0,92",,,,patatas,Verdura,50,1250,Gr,"1,64",,
,jengibre,Verdura,5,125,Gr,"1,01",,,,Cebolla,Verdura,20,500,Gr,"1,13",,
,Pasta curry verde,Sin asignar,10,250,GR,"1,50",,,,boniato,Verdura,20,500,GR,"1,70",,
,aceite oliva,Grasa,10,250,GR,"0,98",,,,Ajo morado,Verdura,5,125,GR,"0,92",,
,sal,Sin asignar,3,75,GR,"0,03",,,,jengibre,Verdura,3,75,GR,"0,60",,
,Arroz largo,H.Carbono,120,3000,GR,"4,05",,,,Curcuma,Sin asignar,1,25,,"0,16",,
,cilantro,Verdura,2,50,GR,"1,08",,,,Cardamomo,Sin asignar,1,25,,"2,00",,
,limon,Verdura,10,250,gr,"0,79",Resumen nutricional,Pax,,Garam Massala,Sin asignar,2,50,,"0,90",Resumen nutricional,Pax
,Brocoli,Verdura,25,625,,"1,72",H.Carbono,120,,Curry,Sin asignar,1,25,,"0,25",H.Carbono,0
,guisantes,Verdura,25,625,,"1,03",Proteina,200,,Comino molido,Sin asignar,1,25,,"0,23",Proteina,15
,,,,,,-,Verdura,122,,caldo vegetal,Sin asignar,2,50,,"0,35",Verdura,178
,,,,,,-,Total gr plato:,615,,Tomate Triturado,Sin asignar,50,1250,,"1,53",Total gr plato:,401
,,,,,,-,Costo por ración,"€1,33",,tomate daniela,,20,500,,"1,04",Costo por ración,"€1,12"
,,,,,,-,Costo total,"€33,22",,Arroz integral,,120,3000,,"4,95",Costo total,"€28,00"
,Elaboracion,,,,,,,,,Elaboracion,,,,,,,
,1,,,,,,,,,1,,,,,,,
,2,,,,,,,,,2,,,,,,,
,3,,,,,,,,,3,,,,,,,
,4,,,,,,,,,4,,,,,,,
,5,,,,,,,,,5,,,,,,,
,6,,,,,,,,,6,,,,,,,
,,,,,,,,,,,,,,,,,
,,,,,,,,,,,,,,,,,
3,Ratatuille,,,,,,Costo por ración,"0,58 €",,Falafel kebaps with potatoes,,,,,,Costo por ración,"0,00 €"
,,,,Raciones,,"25,00",,,,,,,Raciones,,"25,00",,
,Ingredientes,,Gr porcion,Gramaje total,Unid,Costo unitario,,,,Ingredientes,,Gr porcion,Gramaje total,Unid,Costo unitario,,
,Berenjena,Verdura,55,1375,Gr,"2,68",,,,,,,,Gr,-,,
,Calabacín,Verdura,55,1375,Gr,"2,20",,,,,,,,Gr,-,,
,tomate daniela,Verdura,55,1375,gr,"2,85",,,,,,,,Ml,-,,
,cebolla,Verdura,15,375,gr,"0,84",,,,,,,,Ml,-,,
,pimiento rojo,Verdura,25,625,Gr,"1,69",,,,,,,,Gr,-,,
,Aceite Oliva,Grasa,15,375,Gr,"1,47",,,,,,,,Gr,-,,
,Sal,Sin asignar,3,75,GR,"0,03",,,,,,,,GR,-,,
,Pimienta negra,Sin asignar,3,75,GR,"1,04",,,,,,,,GR,-,,
,tomate frito,Sin asignar,60,1500,GR,"1,69",,,,,,,,GR,-,,
,Tomillo ,Especies y Aromaticas,2,50,,"0,00",,,,,,,,,-,,
,Romero,Especies y Aromaticas,2,50,,"0,00",,,,,,,,,-,,
,,,,,,-,Resumen nutricional,Pax,,,,,,,-,Resumen nutricional,Pax
,,,,,,-,H.Carbono,0,,,,,,,-,H.Carbono,0
,,,,,,-,Proteina,0,,,,,,,-,Proteina,0
,,,,,,-,Verdura,205,,,,,,,-,Verdura,0
,,,,,,-,Total gr plato:,290,,,,,,,-,Total gr plato:,0
,,,,,,-,Costo por ración,"€0,58",,,,,,,-,Costo por ración,"€0,00"
,,,,,,-,Costo total,"€14,49",,,,,,,-,Costo total,"€0,00"
,Elaboracion,,,,,,,,,Elaboracion,,,,,,,
,1,,,,,,,,,1,,,,,,,
,2,,,,,,,,,2,,,,,,,
,3,,,,,,,,,3,,,,,,,
,4,,,,,,,,,4,,,,,,,
,5,,,,,,,,,5,,,,,,,
,6,,,,,,,,,6,,,,,,,
,,,,,,,,,,,,,,,,,
,,,,,,,,,,,,,,,,,
4,Cous cous con verduras (vegetarian),,,,,,Costo por ración,"1,07 €",,Murgh Tara masala /Basmati rice(vegetarian),,,,,,Costo por ración,"1,28 €"
,,,,Raciones,,"25,00",,,,,,,Raciones,,"25,00",,
,Ingredientes,,Gr porcion,Gramaje total,Unid,Costo unitario,,,,Ingredientes,,Gr porcion,Gramaje total,Unid,Costo unitario,,
,Garbanzos,Proteina,100,2500,Gr,"3,90",,,,garbanzos,Proteina,100,2500,Gr,"3,90",,
,Cous cous,Sin asignar,80,2000,Gr,"3,86",,,,Espinacas,Verdura,80,2000,Gr,"8,26",,
,Ajo morado,Verdura,3,75,Ml,"0,55",,,,Tomate Daniela,Verdura,30,750,Ml,"1,55",,
,Cebolla,Verdura,25,625,Ml,"1,41",,,,Cebolla,Verdura,30,750,Ml,"1,69",,
,Calabacín,Verdura,30,750,Gr,"1,20",,,,Garam Massala,Sin asignar,2,50,Gr,"0,90",,
,calabaza,Verdura,40,1000,Gr,"2,30",,,,Yogurt griego,Lacteos,20,500,Gr,"1,15",,
,Col,Verdura,40,1000,GR,"2,12",,,,Comino molido,Sin asignar,"0,8",20,GR,"0,18",,
,Zanahoria,Verdura,30,750,GR,"0,86",,,,Chile en polvo,Sin asignar,"0,8",20,GR,"0,14",,
,Caldo vegetal,Sin asignar,10,250,GR,"1,77",,,,Chiles verdes,No encontrado,"0,25","6,25",GR,,,
,Aceite oliva,Grasa,10,250,,"0,98",,,,Arroz Basmati,H.Carbono,120,3000,,"6,60",,
,Curry,Sin asignar,2,50,,"0,50",,,,guisantes,Verdura,20,500,,"0,83",,
,Curcuma,Sin asignar,2,50,,"0,31",Resumen nutricional,Pax,,Cilantro,Verdura,3,75,,"1,62",Resumen nutricional,Pax
,Comino molido,Sin asignar,5,125,,"1,15",H.Carbono,0,,Patatas,Verdura,50,1250,,"1,64",H.Carbono,120
,Sal,Sin asignar,2,50,,"0,02",Proteina,100,,Aceite girasol,Grasa,5,125,,"0,22",Proteina,100
,Canela,Sin asignar,2,50,,"0,90",Verdura,170,,caldo vegetal,Sin asignar,10,250,,"1,77",Verdura,213
,Pimentón de la vera,Sin asignar,1,25,,"0,31",Total gr plato:,384,,Nata,Lacteos,25,625,,"1,63",Total gr plato:,"496,85"
,Cilantro,Verdura,1,25,,"0,54",Costo por ración,"€1,07",,,,,,,-,Costo por ración,"€1,28"
,Menta,Verdura,1,25,,"0,84",Costo total,"€26,71",,,,,,,-,Costo total,"€32,07"
,Uva pasa,Sin asignar,3,75,,"0,39",,,,Elaboracion,,,,,,,
,Almendra,Sin asignar,3,75,,"0,54",,,,1,,,,,,,
,Mantequilla,Lacteos,10,250,,"2,25",,,,2,,,,,,,
,3,,,,,,,,,3,,,,,,,
,4,,,,,,,,,4,,,,,,,
,5,,,,,,,,,5,,,,,,,
,6,,,,,,,,,6,,,,,,,
,,,,,,,,,,,,,,,,,
,,,,,,,,,,,,,,,,,
5, Japanese curry / rice(vegetarian),,,,,,Costo por ración,"1,12 €",,Green Thai curry /Basmati rice(vegetarian),,,,,,Costo por ración,Undefined
,,,,Raciones,,"25,00",,,,,,,Raciones,,"25,00",,
,Ingredientes,,Gr porcion,Gramaje total,Unid,Costo unitario,,,,Ingredientes,,Gr porcion,Gramaje total,Unid,Costo unitario,,
,tofu,Proteina,140,3500,Gr,"8,47",,,,garbanzos,Proteina,150,3750,Gr,"5,85",,
,Mantequilla,Lacteos,5,125,Gr,"1,13",,,,Cebolla,Verdura,30,750,Gr,"1,69",,
,Manzana Golden,Verdura,10,250,Ml,"0,55",,,,Ajo morado,Verdura,3,75,Ml,"0,55",,
,Miel,Sin asignar,10,250,Ml,"1,53",,,,jengibre,Verdura,3,75,Ml,"0,60",,
,Zanahoria,Verdura,30,750,Gr,"0,86",,,,Aceite girasol,Grasa,10,250,Gr,"0,44",,
,patatas,Verdura,50,1250,Gr,"1,64",,,,Salsa pescado,Sin asignar,3,75,Gr,"0,30",,
,Cebolla,Verdura,20,500,GR,"1,13",,,,Tamarindo,Sin asignar,4,100,GR,"0,53",,
,boniato,Verdura,20,500,GR,"1,70",,,,Azúcar,Sin asignar,90,2250,GR,"2,25",,
,Ajo morado,Verdura,5,125,GR,"0,92",,,,Pasta curry verde,Sin asignar,15,375,GR,"2,25",,
,jengibre,Verdura,3,75,GR,"0,60",,,,Arroz Basmati,H.Carbono,120,3000,,"6,60",,
,Curcuma,Sin asignar,1,25,GR,"0,16",,,,caldo vegeetal,No encontrado,5,125,,#N/A,,
,Cardamomo,Sin asignar,1,25,GR,"2,00",Resumen nutricional,Pax,,Leche de coco,Sin asignar,100,2500,,"7,98",Resumen nutricional,Pax
,Garam Massala,Sin asignar,2,50,GR,"0,90",H.Carbono,120,,Cilantro,Verdura,3,75,,"1,62",H.Carbono,120
,Curry,Sin asignar,1,25,GR,"0,25",Proteina,140,,Lima keffir,No encontrado,,,,"1,50",Proteina,150
,Comino molido,Sin asignar,1,25,GR,"0,23",Verdura,138,,Lemongrass,Verdura,,,,"1,50",Verdura,39
,caldo vegetal,Sin asignar,2,50,GR,"0,35",Total gr plato:,471,,picante especial,No encontrado,,,,"1,50",Total gr plato:,536
,Tomate Triturado,Sin asignar,50,1250,GR,"1,53",Costo por ración,"€1,12",,,,,,,-,Costo por ración,#N/A
,Arroz Largo,H.Carbono,120,3000,GR,"4,05",Costo total,"€27,99",,,,,,,-,Costo total,#N/A
,Elaboracion,,,,,,,,,Elaboracion,,,,,,,
,1,,,,,,,,,1,,,,,,,
,2,,,,,,,,,2,,,,,,,
,3,,,,,,,,,3,,,,,,,
,4,,,,,,,,,4,,,,,,,
,5,,,,,,,,,5,,,,,,,
,6,,,,,,,,,6,,,,,,,
,,,,,,,,,,,,,,,,,
,,,,,,,,,,,,,,,,,
6,Vegetarian Tikka masala /Basmati rice,,,,,,Costo por ración,"1,05 €",,Coconut green Veggie curry,,,,,,Costo por ración,"1,08 €"
,,,,Raciones,,"25,00",,,,,,,Raciones,,"25,00",,
,Ingredientes,,Gr porcion,Gramaje total,Unid,Costo unitario,,,,Ingredientes,,Gr porcion,Gramaje total,Unid,Costo unitario,,
,Arroz Basmati,H.Carbono,120,3000,Gr,"6,60",,,,tofu,Proteina,120,3000,Gr,"7,26",,
,garbanzos,Proteina,140,3500,Gr,"5,46",,,,Cebolla,Verdura,30,750,Gr,"1,69",,
,Yogurt griego,Lacteos,25,625,Ml,"1,44",,,,Ajo morado,Verdura,3,75,Ml,"0,55",,
,Tomate Daniela,Verdura,25,625,Ml,"1,29",,,,jengibre,Verdura,3,75,Ml,"0,60",,
,Tomate Triturado,Sin asignar,15,375,Gr,"0,46",,,,Aceite girasol,Grasa,10,250,Gr,"0,44",,
,cebolla,Verdura,25,625,Gr,"1,41",,,,Salsa pescado,Sin asignar,3,75,Gr,"0,30",,
,Cilantro semilla,Sin asignar,1,25,GR,"0,28",,,,Tamarindo,Sin asignar,4,100,GR,"0,53",,
,Cilantro,Verdura,3,75,GR,"1,62",,,,Azúcar,Sin asignar,90,2250,GR,"2,25",,
,Ajo morado,Verdura,10,250,GR,"1,85",,,,Pasta curry verde,Sin asignar,10,250,GR,"1,50",,
,Jengibre polvo,Sin asignar,4,100,,"1,00",,,,Arroz Largo,H.Carbono,90,2250,GR,"3,04",,
,Garam Massala,Sin asignar,1,25,,"0,45",,,,caldo vegetal,Sin asignar,5,125,GR,"0,89",,
,Chile molido,Sin asignar,1,25,,"0,25",Resumen nutricional,Pax,,Leche de coco,Sin asignar,80,2000,GR,"6,38",Resumen nutricional,Pax
,Pimentón de la vera,Sin asignar,1,25,,"0,31",H.Carbono,120,,Cilantro,Verdura,3,75,GR,"1,62",H.Carbono,90
,Sal,Sin asignar,2,50,,"0,02",Proteina,140,,Lima keffir,No encontrado,,,GR,,Proteina,120
,Pimienta negra,Sin asignar,2,50,,"0,70",Verdura,73,,Lemongrass,Verdura,,,GR,,Verdura,39
,Limon,Verdura,10,250,,"0,79",Total gr plato:,390,,,,,,,-,Total gr plato:,451
,Comino molido,Sin asignar,1,25,,"0,23",Costo por ración,"€1,05",,,,,,,-,Costo por ración,"€1,08"
,Mantequilla,Lacteos,4,100,,"0,90",Costo total,"€26,37",,,,,,,-,Costo total,"€27,04"
,Nata,,15,375,,"0,98",,,,Elaboracion,,,,,,,
,caldo vegetal,,2,50,,"0,35",,,,1,,,,,,,
,,,,,,-,,,,2,,,,,,,
,1,,,,,,,,,3,,,,,,,
,2,,,,,,,,,4,,,,,,,
,3,,,,,,,,,5,,,,,,,
,4,,,,,,,,,6,,,,,,,
,,,,,,,,,,,,,,,,,
,,,,,,,,,,,,,,,,,
7,Vegetarian Spanish Lentil,,,,,,Costo por ración,"0,51 €",,Japanese curry / rice (vegetarian),,,,,,Costo por ración,"1,22 €"
,,,,Raciones,,"25,00",,,,,,,Raciones,,"25,00",,
,Ingredientes,,Gr porcion,Gramaje total,Unid,Costo unitario,,,,Ingredientes,,Gr porcion,Gramaje total,Unid,Costo unitario,,
,Cebolla,Verdura,30,750,Gr,"1,69",,,,tofu,Proteina,120,3500,Gr,"8,47",,
,Ajo morado,Verdura,10,250,Gr,"1,85",,,,Mantequilla,Lacteos,10,500,Gr,"4,50",,
,laurel,Sin asignar,1,0,Ml,"0,00",,,,Manzana Golden,Verdura,10,250,Ml,"0,55",,
,sal,Sin asignar,3,75,Ml,"0,03",,,,Miel,Sin asignar,5,125,Ml,"0,76",,
,Aceite oliva,Grasa,15,375,Gr,"1,47",,,,Zanahoria,Verdura,30,750,Gr,"0,86",,
,zanahoria,Verdura,15,375,Gr,"0,43",,,,patatas,Verdura,50,1250,Gr,"1,64",,
,Pimiento rojo,Verdura,15,375,GR,"1,01",,,,Cebolla,Verdura,20,500,GR,"1,13",,
,Lentejas,Sin asignar,100,2500,GR,"4,00",,,,boniato,Verdura,20,500,GR,"1,70",,
,zanahoria,Verdura,50,1250,GR,"1,44",,,,Ajo morado,Verdura,5,125,GR,"0,92",,
,apio,Verdura,10,250,,"0,50",,,,jengibre,Verdura,3,75,GR,"0,60",,
,caldo vegetal,Sin asignar,2,50,,"0,35",,,,Curcuma,Sin asignar,1,25,GR,"0,16",,
,,,,,,-,Resumen nutricional,Pax,,Cardamomo,Sin asignar,1,25,GR,"2,00",Resumen nutricional,Pax
,,,,,,-,H.Carbono,0,,Garam Massala,Sin asignar,2,50,GR,"0,90",H.Carbono,120
,,,,,,-,Proteina,0,,Curry,Sin asignar,1,25,GR,"0,25",Proteina,120
,,,,,,-,Verdura,130,,Comino molido,Sin asignar,1,25,GR,"0,23",Verdura,138
,,,,,,-,Total gr plato:,251,,caldo vegetal,Sin asignar,2,50,GR,"0,35",Total gr plato:,451
,,,,,,-,Costo por ración,"€0,51",,Tomate Triturado,Sin asignar,50,1250,GR,"1,53",Costo por ración,"€1,22"
,,,,,,-,Costo total,"€12,76",,Arroz Largo,H.Carbono,120,3000,GR,"4,05",Costo total,"€30,60"
,Elaboracion,,,,,,,,,Elaboracion,,,,,,,
,1,,,,,,,,,1,,,,,,,
,2,,,,,,,,,2,,,,,,,
,3,,,,,,,,,3,,,,,,,
,4,,,,,,,,,4,,,,,,,
,5,,,,,,,,,5,,,,,,,
,6,,,,,,,,,6,,,,,,,
,,,,,,,,,,,,,,,,,
,,,,,,,,,,,,,,,,,
,,,,,,,,,,,,,,,,,
,,,,,,,,,,,,,,,,,
8,Mapo Nasu (vegetarian),,,,,,Costo por ración,"1,25 €",,Aji de gallina  / rice (vegetarian),,,,,,Costo por ración,"1,62 €"
,,,,Raciones,,"25,00",,,,,,,Raciones,,"25,00",,
,Ingredientes,,Gr porcion,Gramaje total,Unid,Costo unitario,,,,Ingredientes,,Gr porcion,Gramaje total,Unid,Costo unitario,,
,carne soja,Proteina,60,1500,Gr,"20,25",,,,carne soja,Proteina,60,1500,Gr,"20,25",,
,Berenjena,Verdura,80,2000,Gr,"3,90",,,,Cebolla,Verdura,40,1000,Gr,"2,25",,
,Cebolla,Verdura,35,0,Ml,"0,00",,,,Ajo morado,Verdura,4,0,Ml,"0,00",,
,Ajo morado,Verdura,5,125,Ml,"0,92",,,,Patatas,Verdura,50,1250,Ml,"1,64",,
,Jengibre polvo,Sin asignar,3,75,Gr,"0,75",,,,cilantro,Verdura,"2,5","62,5",Gr,"1,35",,
,Tobanjan,Sin asignar,8,200,Gr,"1,54",,,,Aceitunas negras,Sin asignar,10,250,Gr,"1,75",,
,Azúcar,Sin asignar,3,75,GR,"0,08",,,,Huevos,Proteina,1,25,GR,"4,75",,
,Salsa soja,Sin asignar,3,75,GR,"0,17",,,,Caldo de pollo deshidratado,Sin asignar,3,75,GR,"0,44",,
,Arroz Largo,H.Carbono,110,2750,GR,"3,71",,,,Nata,Lacteos,20,500,GR,"1,30",,
,,,,,,-,,,,Leche evaporada,Lacteos,20,500,GR,"1,38",,
,,,,,,-,,,,Ajinomoto,Sin asignar,3,0,GR,"0,00",,
,,,,,,-,Resumen nutricional,Pax,,Mantequilla,Lacteos,2,50,GR,"0,45",Resumen nutricional,Pax
,,,,,,-,H.Carbono,110,,Arroz redondo,H.Carbono,120,3000,GR,"3,90",H.Carbono,120
,,,,,,-,Proteina,60,,Sal,Sin asignar,2,50,GR,"0,02",Proteina,61
,,,,,,-,Verdura,120,,Pimienta negra,Sin asignar,3,75,GR,"1,04",Verdura,"96,5"
,,,,,,-,Total gr plato:,307,,,,,,,-,Total gr plato:,"340,5"
,,,,,,-,Costo por ración,"€1,25",,,,,,,-,Costo por ración,"€1,62"
,,,,,,-,Costo total,"€31,31",,,,,,,-,Costo total,"€40,52"
,Elaboracion,,,,,,,,,Elaboracion,,,,,,,
,1,,,,,,,,,1,,,,,,,
,2,,,,,,,,,2,,,,,,,
,3,,,,,,,,,3,,,,,,,
,4,,,,,,,,,4,,,,,,,
,5,,,,,,,,,5,,,,,,,
,6,,,,,,,,,,,,,,,,
,,,,,,,,,,,,,,,,,
,,,,,,,,,,,,,,,,,
9,Red  Thai curry /Basmati rice (vegetarian),,,,,,Costo por ración,"1,93 €",, vegetable tomate stew /rice,,,,,,Costo por ración,"1,33 €"
,,,,Raciones,,"25,00",,,,,,,Raciones,,"25,00",,
,Ingredientes,,Gr porcion,Gramaje total,Unid,Costo unitario,,,,Ingredientes,,Gr porcion,Gramaje total,Unid,Costo unitario,,
,carne soja,Proteina,60,1500,Gr,"20,25",,,,carne soja,Proteina,70,1750,Gr,"23,63",,
,Cebolla,Verdura,30,750,Gr,"1,69",,,,Zanahoria,Verdura,30,750,Gr,"0,86",,
,Ajo morado,Verdura,3,75,Ml,"0,55",,,,patatas,Verdura,50,1250,Ml,"1,64",,
,jengibre,Verdura,3,75,Ml,"0,60",,,,Cebolla,Verdura,20,500,Ml,"1,13",,
,Aceite girasol,Grasa,10,250,Gr,"0,44",,,,Ajo morado,Verdura,5,125,Gr,"0,92",,
,Salsa pescado,Sin asignar,3,75,Gr,"0,30",,,,jengibre,Verdura,3,75,Gr,"0,60",,
,Tamarindo,Sin asignar,4,100,GR,"0,53",,,,Caldo de pollo deshidratado,Sin asignar,2,50,GR,"0,29",,
,Azúcar,Sin asignar,90,2250,GR,"2,25",,,,Tomate Triturado,Sin asignar,50,1250,GR,"1,53",,
,Pasta curry rojo,Sin asignar,15,375,GR,"2,44",,,,salsa soja,Sin asignar,15,375,GR,"0,84",,
,Arroz Basmati,H.Carbono,120,3000,,"6,60",,,,,,,,,-,,
,caldo vegetal,Sin asignar,5,125,,"0,89",,,,,,,,,-,,
,Leche de coco,Sin asignar,100,2500,,"7,98",Resumen nutricional,Pax,,,,,,,-,Resumen nutricional,Pax
,Cilantro,Verdura,3,75,,"1,62",H.Carbono,120,,,,,,,-,H.Carbono,0
,Hoja de lima,Verdura,2,50,,"0,96",Proteina,60,,,,,,,-,Proteina,70
,Lemongrass,Verdura,2,50,,"0,35",Verdura,46,,,,,,,-,Verdura,108
,galanga,Verdura,1,25,,"0,19",Total gr plato:,453,,Caldo de pollo deshidratado,Sin asignar,2,50,,"0,29",Total gr plato:,297
,pimenta roja golden,Verdura,2,50,,"0,64",Costo por ración,"€1,93",,Tomate Triturado,Sin asignar,50,1250,,"1,53",Costo por ración,"€1,33"
,,,,,,-,Costo total,"€48,27",,,,,,,-,Costo total,"€33,26"
,Elaboracion,,,,,,,,,Elaboracion,,,,,,,
,1,,,,,,,,,1,,,,,,,
,2,,,,,,,,,2,,,,,,,
,3,,,,,,,,,3,,,,,,,
,4,,,,,,,,,4,,,,,,,
,5,,,,,,,,,5,,,,,,,
,6,,,,,,,,,6,,,,,,,
,6,,,,,,,,,,,,,,,,
,,,,,,,,,,,,,,,,,
10,Pasta Boscayola (Vegetarian),,,,,,Costo por ración,"1,10 €",,Pasta amatriciana (Vegetarian),,,,,,Costo por ración,"1,09 €"
,,,,Raciones,,"15,00",,,,,,,Raciones,,"15,00",,
,Ingredientes,,Gr porcion,Gramaje total,Unid,Costo unitario,,,,Ingredientes,,Gr porcion,Gramaje total,Unid,Costo unitario,,
,Macarrones,H.Carbono,120,1800,Gr,"2,16",,,,Macarrones,H.Carbono,120,1800,Gr,"2,16",,
,carne soja,Proteina,25,375,Gr,"5,06",,,,seitan,Proteina,40,600,Gr,"7,40",,
,Tomate Triturado,Sin asignar,90,1350,Ml,"1,65",,,,Tomate Triturado,Sin asignar,80,1200,Ml,"1,47",,
,Aceite oliva,Grasa,10,150,Ml,"0,59",,,,Aceite oliva,Grasa,10,150,Ml,"0,59",,
,Sal,Sin asignar,15,225,Gr,"0,09",,,,Sal,Sin asignar,15,225,Gr,"0,09",,
,Pimienta negra,Sin asignar,2,30,Gr,"0,42",,,,Pimienta negra,Sin asignar,2,30,Gr,"0,42",,
,Cebolla,Verdura,15,225,GR,"0,51",,,,Cebolla,Verdura,15,225,GR,"0,51",,
,Queso Pasta,Lacteos,15,225,GR,"1,35",,,,Queso Pasta,Lacteos,20,300,GR,"1,80",,
,Champiñones,Verdura,60,900,GR,"4,63",,,,Chile en polvo,Sin asignar,2,30,GR,"0,21",,
,,,,,,-,,,,Pimentón de la vera,Sin asignar,2,30,,"0,37",,
,,,,,,-,,,,Queso pasta,Lacteos,15,225,,"1,35",,
,,,,,,-,Resumen nutricional,Pax,,,,,,,-,Resumen nutricional,Pax
,,,,,,-,H.Carbono,120,,,,,,,-,H.Carbono,120
,,,,,,-,Proteina,25,,,,,,,-,Proteina,40
,,,,,,-,Verdura,75,,,,,,,-,Verdura,15
,,,,,,-,Total gr plato:,352,,,,,,,-,Total gr plato:,321
,,,,,,-,Costo por ración,"€1,10",,,,,,,-,Costo por ración,"€1,09"
,,,,,,-,Costo total,"€16,45",,,,,,,-,Costo total,"€16,37"
,Elaboracion,,,,,,,,,Elaboracion,,,,,,,
,1,,,,,,,,,1,,,,,,,
,2,,,,,,,,,2,,,,,,,
,3,,,,,,,,,3,,,,,,,
,4,,,,,,,,,4,,,,,,,
,5,,,,,,,,,5,,,,,,,
,6,,,,,,,,,6,,,,,,,
,,,,,,,,,,,,,,,,,
,,,,,,,,,,,,,,,,,
11,Pasta carbonara (Vegetarian),,,,,,Costo por ración,"1,92 €",,Pasta Strogonoff (Vegetarian),,,,,,Costo por ración,"1,80 €"
,,,,Raciones,,"15,00",,,,,,,Raciones,,"15,00",,
,Ingredientes,,Gr porcion,Gramaje total,Unid,Costo unitario,,,,Ingredientes,,Gr porcion,Gramaje total,Unid,Costo unitario,,
,Macarrones,H.Carbono,120,1800,Gr,"2,16",,,,Macarrones,H.Carbono,120,1800,Gr,"2,16",,
,carne soja,Proteina,70,1050,Gr,"14,18",,,,carne soja,Proteina,90,1350,Gr,"18,23",,
,Nata,Lacteos,80,1200,Ml,"3,12",,,,Cebolla,Verdura,30,450,Ml,"1,01",,
,Aceite oliva,Grasa,10,150,Ml,"0,59",,,,Ajo morado,Verdura,5,75,Ml,"0,55",,
,Sal,Sin asignar,15,225,Gr,"0,09",,,,Aceite oliva,Grasa,10,150,Gr,"0,59",,
,Pimienta negra,Sin asignar,2,30,Gr,"0,42",,,,Queso pasta,Lacteos,15,225,Gr,"1,35",,
,Cebolla,Verdura,15,225,GR,"0,51",,,,Nata,Lacteos,75,1125,GR,"2,93",,
,Queso Pasta,Lacteos,20,300,GR,"1,80",,,,Sal,Sin asignar,3,45,GR,"0,02",,
,Champiñones,Verdura,40,600,GR,"3,08",,,,Pimienta negra,Sin asignar,1,15,GR,"0,21",,
,Huevos,Proteina,1,15,,"2,85",,,,,,,,,-,,
,,,,,,-,,,,,,,,,-,,
,,,,,,-,Resumen nutricional,Pax,,,,,,,-,Resumen nutricional,Pax
,,,,,,-,H.Carbono,120,,,,,,,-,H.Carbono,120
,,,,,,-,Proteina,71,,,,,,,-,Proteina,90
,,,,,,-,Verdura,55,,,,,,,-,Verdura,35
,,,,,,-,Total gr plato:,373,,,,,,,-,Total gr plato:,349
,,,,,,-,Costo por ración,"€1,92",,,,,,,-,Costo por ración,"€1,80"
,,,,,,-,Costo total,"€28,79",,,,,,,-,Costo total,"€27,04"
,Elaboracion,,,,,,,,,Elaboracion,,,,,,,
,1,,,,,,,,,1,,,,,,,
,2,,,,,,,,,2,,,,,,,
,3,,,,,,,,,3,,,,,,,
,4,,,,,,,,,4,,,,,,,
,5,,,,,,,,,5,,,,,,,
,6,,,,,,,,,6,,,,,,,
,,,,,,,,,,,,,,,,,
,,,,,,,,,,,,,,,,,
12,"Taboule vegetariano                                     
",,,,,,Costo por ración,"1,43 €",,Cesar salad With fusilli (Vegetarian),,,,,,Costo por ración,"1,45 €"
,,,,Raciones,,"15,00",,,,,,,Raciones,,"15,00",,
,Ingredientes,,Gr porcion,Gramaje total,Unid,Costo unitario,,,,Ingredientes,,Gr porcion,Gramaje total,Unid,Costo unitario,,
,Cous cous,Sin asignar,120,1800,Gr,"3,47",,,,Lechuga iceberg,Verdura,35,525,Gr,"0,54",,
,Cebolla morada,Verdura,20,300,Gr,"0,90",,,,Mezclum,Verdura,10,150,Gr,"1,41",,
,Pepino,Verdura,20,300,Ml,"0,48",,,,zanahoria,Verdura,20,300,Ml,"0,35",,
,Tomate daniela,Verdura,30,450,Ml,"0,93",,,,Aceitunas negras,Sin asignar,10,150,Ml,"1,05",,
,Cilantro,Verdura,2,30,Gr,"0,65",,,,Maiz,Sin asignar,7,105,Gr,"0,40",,
,menta,Verdura,2,30,Gr,"1,01",,,,Tomate daniela,Verdura,10,150,Gr,"0,31",,
,Aceite oliva,Grasa,15,225,GR,"0,88",,,,Pechuga de pollo,Proteina,100,1500,GR,"9,30",,
,sal,Sin asignar,3,45,GR,"0,02",,,,sal,Sin asignar,3,45,GR,"0,02",,
,pimienta negra,Sin asignar,2,30,GR,"0,42",,,,Pimienta negra,Sin asignar,3,45,GR,"0,63",,
,Uva pasa,Sin asignar,5,75,,"0,39",,,,Aceite oliva,Grasa,10,150,GR,"0,59",,
,limon,Verdura,10,150,,"0,47",,,,Vinagre manzana,Sin asignar,5,75,GR,"0,07",,
,Pechuga de pollo,Proteina,120,1800,,"11,16",Resumen nutricional,Pax,,Salsa cesar,Sin asignar,30,450,GR,"2,03",Resumen nutricional,Pax
,Comino molido,Sin asignar,3,45,,"0,42",H.Carbono,0,,Picatostes,Sin asignar,5,75,GR,"0,60",H.Carbono,100
,Curcuma,Sin asignar,3,45,,"0,28",Proteina,120,,Huevos,Proteina,"0,3","4,5",GR,"0,86",Proteina,"100,3"
,,,,,,-,Verdura,84,,Parmesano,Lacteos,5,75,GR,"1,28",Verdura,75
,,,,,,-,Total gr plato:,355,,Pasta fusilli,H.Carbono,100,1500,GR,"2,40",Total gr plato:,"353,3"
,,,,,,-,Costo por ración,"€1,43",,,,,,,-,Costo por ración,"€1,45"
,,,,,,-,Costo total,"€21,48",,,,,,,-,Costo total,"€21,82"
,Elaboracion,,,,,,,,,Elaboracion,,,,,,,
,1,,,,,,,,,1,,,,,,,
,2,,,,,,,,,2,,,,,,,
,3,,,,,,,,,3,,,,,,,
,4,,,,,,,,,4,,,,,,,
,5,,,,,,,,,5,,,,,,,
,6,,,,,,,,,6,,,,,,,
,,,,,,,,,,,,,,,,,
,,,,,,,,,,,,,,,,,
13,"Spaghetti pepperoncino
(Vegetarian)",,,,,,Costo por ración,"1,19 €",,"Spaghetti (Wholemeal) pepperoncino
(Vegetarian)",,,,,,Costo por ración,"1,35 €"
,,,,Raciones,,"15,00",,,,,,,Raciones,,"15,00",,
,Ingredientes,,Gr porcion,Gramaje total,Unid,Costo unitario,,,,Ingredientes,,Gr porcion,Gramaje total,Unid,Costo unitario,,
,Spaguettis,H.Carbono,130,1950,Gr,"2,34",,,,Spaguettis integral,H.Carbono,130,1950,Gr,"4,68",,
,Bacon,Proteina,80,1200,Gr,"8,05",,,,Bacon,Proteina,80,1200,Gr,"8,05",,
,Ajo morado,Verdura,6,90,Ml,"0,66",,,,Ajo morado,Verdura,6,90,Ml,"0,66",,
,Chile molido,Sin asignar,5,75,Ml,"0,75",,,,Chile molido,Sin asignar,5,75,Ml,"0,75",,
,Aceite oliva,Grasa,30,450,Gr,"1,76",,,,Aceite oliva,Grasa,30,450,Gr,"1,76",,
,Pimentón de la vera,Sin asignar,13,195,Gr,"2,43",,,,Pimentón de la vera,Sin asignar,13,195,Gr,"2,43",,
,Queso pasta,Lacteos,15,225,GR,"1,35",,,,Queso pasta,Lacteos,15,225,GR,"1,35",,
,Cebolla,Verdura,15,225,GR,"0,51",,,,Cebolla,Verdura,15,225,GR,"0,51",,
,,,,,GR,-,,,,,,,,GR,-,,
,,,,,GR,-,,,,,,,,GR,-,,
,,,,,GR,-,,,,,,,,GR,-,,
,,,,,GR,-,Resumen nutricional,Pax,,,,,,GR,-,Resumen nutricional,Pax
,,,,,GR,-,H.Carbono,130,,,,,,GR,-,H.Carbono,130
,,,,,GR,-,Proteina,80,,,,,,GR,-,Proteina,80
,,,,,,-,Verdura,21,,,,,,,-,Verdura,21
,,,,,,-,Total gr plato:,294,,,,,,,-,Total gr plato:,294
,,,,,,-,Costo por ración,"€1,19",,,,,,,-,Costo por ración,"€1,35"
,,,,,,-,Costo total,"€17,85",,,,,,,-,Costo total,"€20,19"
,Elaboracion,,,,,,,,,Elaboracion,,,,,,,
,1,,,,,,,,,1,,,,,,,
,2,,,,,,,,,2,,,,,,,
,3,,,,,,,,,3,,,,,,,
,4,,,,,,,,,4,,,,,,,
,5,,,,,,,,,5,,,,,,,
,6,,,,,,,,,6,,,,,,,
,,,,,,,,,,,,,,,,,
,,,,,,,,,,,,,,,,,
14, Asian noddle (Vegetarian),,,,,,Costo por ración,"1,25 €",,Pasta Caponata (Vegetarian),,,,,,Costo por ración,"1,31 €"
,,,,Raciones,,"15,00",,,,,,,Raciones,,"15,00",,
,Ingredientes,,Gr porcion,Gramaje total,Unid,Costo unitario,,,,Ingredientes,,Gr porcion,Gramaje total,Unid,Costo unitario,,
,Tallarines,H.Carbono,120,1800,Gr,"2,57",,,,Macarrones,H.Carbono,120,1800,Gr,"2,16",,
,Contra muslo pollo S/H,Proteina,100,1500,Gr,"9,75",,,,Berenjena,Verdura,50,750,Gr,"1,46",,
,col,Verdura,50,750,Ml,"1,59",,,,Cebolla,Verdura,35,525,Ml,"1,18",,
,cebolla,Verdura,30,450,Ml,"1,01",,,,apio,Verdura,15,225,Ml,"0,45",,
,zanahoria,Verdura,40,600,Gr,"0,69",,,,Sal,Sin asignar,21,315,Gr,"0,13",,
,Pimiento verde,Verdura,20,300,Gr,"0,84",,,,AzÚcar,Sin asignar,3,45,Gr,"0,05",,
,Aceite girasol,Grasa,15,225,GR,"0,39",,,,Alcaparras,Sin asignar,5,75,GR,"1,27",,
,Azúcar,Sin asignar,15,225,GR,"0,23",,,,Aceitunas negras,Sin asignar,10,150,GR,"1,05",,
,Caldo de pollo deshidratado,Sin asignar,5,75,GR,"0,44",,,,Aceite oliva,Grasa,5,75,GR,"0,29",,
,Salsa soja,Sin asignar,15,225,,"0,51",,,,Tomate Daniela,Verdura,60,900,,"1,86",,
,Aceite de sesamo,Grasa,4,60,,"0,71",,,,Tomate frito,Sin asignar,40,600,,"0,68",,
,,,,,,-,Resumen nutricional,Pax,,Tomate concentrado,Sin asignar,3,45,,"0,27",Resumen nutricional,Pax
,,,,,,-,H.Carbono,120,,Pechuga de pollo,Proteina,80,1200,,"7,44",H.Carbono,120
,,,,,,-,Proteina,100,,Queso Pasta,Lacteos,15,225,,"1,35",Proteina,80
,,,,,,-,Verdura,140,,Vinagre manzana,Sin asignar,3,45,,"0,04",Verdura,160
,,,,,,-,Total gr plato:,414,,,,,,,-,Total gr plato:,465
,,,,,,-,Costo por ración,"€1,25",,,,,,,-,Costo por ración,"€1,31"
,,,,,,-,Costo total,"€18,73",,,,,,,-,Costo total,"€19,68"
,Elaboracion,,,,,,,,,Elaboracion,,,,,,,
,1,,,,,,,,,1,,,,,,,
,2,,,,,,,,,2,,,,,,,
,3,,,,,,,,,3,,,,,,,
,4,,,,,,,,,4,,,,,,,
,5,,,,,,,,,5,,,,,,,
,6,,,,,,,,,6,,,,,,,
,,,,,,,,,,,,,,,,,
,,,,,,,,,,,,,,,,,
15,"Spinach, mushrooms penne (Vegetarian)",,,,,,Costo por ración,"1,38 €",,Spinach and  Mushroom penne (Wholemeal) (Vegetarian),,,,,,Costo por ración,"1,51 €"
, (P147),,,Raciones,,"15,00",,,, (P147),,,Raciones,,"15,00",,
,Ingredientes,,Gr porcion,Gramaje total,Unid,Costo unitario,,,,Ingredientes,,Gr porcion,Gramaje total,Unid,Costo unitario,,
,Macarrones,H.Carbono,120,1800,Gr,"2,16",,,,penne integral,H.Carbono,120,1800,Gr,"4,32",,
,cebolla,Verdura,15,225,Gr,"0,51",,,,cebolla,Verdura,15,225,Gr,"0,51",,
,carne soja,Proteina,35,525,Ml,"7,09",,,,carne soja,Proteina,35,525,Ml,"7,09",,
,romero,Especies y Aromaticas,5,75,Ml,"0,00",,,,romero,Especies y Aromaticas,5,75,Ml,"0,00",,
,ajo morado,Verdura,5,75,Gr,"0,55",,,,ajo morado,Verdura,5,75,Gr,"0,55",,
,pimiento rojo,Verdura,35,525,Gr,"1,42",,,,pimiento rojo,Verdura,35,525,Gr,"1,42",,
,caldo vegetal,Sin asignar,10,150,GR,"1,06",,,,caldo de pollo deshidratado,Sin asignar,10,150,GR,"0,87",,
,Espinaca fresca,Verdura,50,750,GR,"3,10",,,,Espinaca fresca,Verdura,50,750,GR,"3,10",,
,parmesano,Lacteos,10,150,GR,"2,55",,,,parmesano,Lacteos,10,150,GR,"2,55",,
,vinagre vino ,No encontrado,3,45,,,,,,vinagre vino ,No encontrado,3,45,,,,
,Champiñones,Verdura,30,450,,"2,31",,,,Champiñones,Verdura,30,450,,"2,31",,
,,,,,,-,Resumen nutricional,Pax,,,,,,,-,Resumen nutricional,Pax
,,,,,,-,H.Carbono,120,,,,,,,-,H.Carbono,120
,,,,,,-,Proteina,35,,,,,,,-,Proteina,35
,,,,,,-,Verdura,135,,,,,,,-,Verdura,135
,,,,,,-,Total gr plato:,318,,,,,,,-,Total gr plato:,318
,,,,,,-,Costo por ración,"€1,38",,,,,,,-,Costo por ración,"€1,51"
,,,,,,-,Costo total,"€20,75",,,,,,,-,Costo total,"€22,72"
,Elaboracion,,,,,,,,,Elaboracion,,,,,,,
,1,,,,,,,,,1,,,,,,,
,2,,,,,,,,,2,,,,,,,
,3,,,,,,,,,3,,,,,,,
,4,,,,,,,,,4,,,,,,,
,5,,,,,,,,,5,,,,,,,
,6,,,,,,,,,6,,,,,,,
,,,,,,,,,,,,,,,,,
,,,,,,,,,,,,,,,,,
16, tomato pasta (Vegetarian),,,,,,Costo por ración,"1,12 €",,Hiyashicyuka (cold noodles with Asian sauce),,,,,,Costo por ración,"0,00 €"
,,,,Raciones,,"15,00",,,,,,,Raciones,,"15,00",,
,Ingredientes,,Gr porcion,Gramaje total,Unid,Costo unitario,,,,Ingredientes,,Gr porcion,Gramaje total,Unid,Costo unitario,,
,Macarrones,H.Carbono,120,1800,Gr,"2,16",,,,,,,,Gr,-,,
,Pechuga de pollo,Proteina,90,1350,Gr,"8,37",,,,,,,,Gr,-,,
,Tomate frito,Sin asignar,130,1950,Ml,"2,19",,,,,,,,Ml,-,,
,Aceite oliva,Grasa,10,150,Ml,"0,59",,,,,,,,Ml,-,,
,Sal,Sin asignar,15,225,Gr,"0,09",,,,,,,,Gr,-,,
,Pimienta negra,Sin asignar,2,30,Gr,"0,42",,,,,,,,Gr,-,,
,Cebolla,Verdura,15,225,GR,"0,51",,,,,,,,GR,-,,
,Queso Pasta,Lacteos,15,225,GR,"1,35",,,,,,,,GR,-,,
,Tomate cherri,Verdura,15,225,GR,"0,90",,,,,,,,GR,-,,
,Oregano,No encontrado,,,,"0,30",,,,,,,,,-,,
,,,,,,-,,,,,,,,,-,,
,,,,,,-,Resumen nutricional,Pax,,,,,,,-,Resumen nutricional,Pax
,,,,,,-,H.Carbono,120,,,,,,,-,H.Carbono,0
,,,,,,-,Proteina,90,,,,,,,-,Proteina,0
,,,,,,-,Verdura,30,,,,,,,-,Verdura,0
,,,,,,-,Total gr plato:,412,,,,,,,-,Total gr plato:,0
,,,,,,-,Costo por ración,"€1,12",,,,,,,-,Costo por ración,"€0,00"
,,,,,,-,Costo total,"€16,87",,,,,,,-,Costo total,"€0,00"
,Elaboracion,,,,,,,,,Elaboracion,,,,,,,
,1,,,,,,,,,1,,,,,,,
,2,,,,,,,,,2,,,,,,,
,3,,,,,,,,,3,,,,,,,
,4,,,,,,,,,4,,,,,,,
,5,,,,,,,,,5,,,,,,,
,6,,,,,,,,,6,,,,,,,
,,,,,,,,,,,,,,,,,
,,,,,,,,,,,,,,,,,
17,Spaghetti bolognese (Vegetarian),,,,,,Costo por ración,"1,64 €",,Spaghetti (wholemeal) bolognese (Vegetarian),,,,,,Costo por ración,"1,78 €"
,,,,Raciones,,"15,00",,,,,,,Raciones,,"15,00",,
,Ingredientes,,Gr porcion,Gramaje total,Unid,Costo unitario,,,,Ingredientes,,Gr porcion,Gramaje total,Unid,Costo unitario,,
,Spaguettis,H.Carbono,120,1800,Gr,"2,16",,,,Spaguettis integral,H.Carbono,120,1800,Gr,"4,32",,
,Carne picada Vacuno,Proteina,90,1350,Gr,"15,53",,,,Carne picada Vacuno,Proteina,90,1350,Gr,"15,53",,
,Tomate Triturado,Sin asignar,100,1500,Ml,"1,84",,,,Tomate Triturado,Sin asignar,100,1500,Ml,"1,84",,
,Zanahoria,Verdura,25,375,Ml,"0,43",,,,Zanahoria,Verdura,25,375,Ml,"0,43",,
,apio,Verdura,15,225,Gr,"0,45",,,,apio,Verdura,15,225,Gr,"0,45",,
,Cebolla,Verdura,35,525,Gr,"1,18",,,,Cebolla,Verdura,35,525,Gr,"1,18",,
,sal,Sin asignar,3,45,GR,"0,02",,,,sal,Sin asignar,3,45,GR,"0,02",,
,Queso Pasta,Lacteos,20,300,GR,"1,80",,,,Queso Pasta,Lacteos,20,300,GR,"1,80",,
,Pimienta negra,Sin asignar,2,30,GR,"0,42",,,,Pimienta negra,Sin asignar,2,30,GR,"0,42",,
,Aceite oliva,Grasa,10,150,,"0,59",,,,Aceite oliva,Grasa,10,150,,"0,59",,
,Vino blanco,Sin asignar,10,150,,"0,14",,,,Vino blanco,Sin asignar,10,150,,"0,14",,
,,,,,,-,Resumen nutricional,Pax,,,,,,,-,Resumen nutricional,Pax
,,,,,,-,H.Carbono,120,,,,,,,-,H.Carbono,120
,,,,,,-,Proteina,0,,,,,,,-,Proteina,0
,,,,,,-,Verdura,75,,,,,,,-,Verdura,75
,,,,,,-,Total gr plato:,430,,,,,,,-,Total gr plato:,430
,,,,,,-,Costo por ración,"€1,64",,,,,,,-,Costo por ración,"€1,78"
,,,,,,-,Costo total,"€24,54",,,,,,,-,Costo total,"€26,70"
,Elaboracion,,,,,,,,,Elaboracion,,,,,,,
,1,,,,,,,,,1,,,,,,,
,2,,,,,,,,,2,,,,,,,
,3,,,,,,,,,3,,,,,,,
,4,,,,,,,,,4,,,,,,,
,5,,,,,,,,,5,,,,,,,
,6,,,,,,,,,6,,,,,,,
,,,,,,,,,,,,,,,,,
,,,,,,,,,,,,,,,,,
18,Ensalada Quinoa,,,,,,Costo por ración,"0,25 €",,,,,,,,Costo por ración,"0,00 €"
,,,,Raciones,,"15,00",,,,,,,,,"15,00",,
,Ingredientes,,Gr porcion,Gramaje total,Unid,Costo unitario,,,,,,,,,Costo unitario,,
,Quinoa,Sin asignar,17,255,Gr,"1,40",,,,,,,,,-,,
,Pimiento rojo,Verdura,15,225,Gr,"0,61",,,,,,,,,-,,
,pepino,Verdura,15,225,Ml,"0,36",,,,,,,,,-,,
,Lechuga iceberg,Verdura,10,150,Ml,"0,15",,,,,,,,,-,,
,Tomate daniela,Verdura,15,225,Gr,"0,47",,,,,,,,,-,,
,Maiz,Sin asignar,5,75,Gr,"0,29",,,,,,,,,-,,
,sal,Sin asignar,3,45,GR,"0,02",,,,,,,,,-,,
,Aceite oliva,Grasa,7,105,GR,"0,41",,,,,,,,,-,,
,Vinagre manzana,Sin asignar,3,45,GR,"0,04",,,,,,,,,-,,
,,,,,,-,,,,,,,,,-,,
,,,,,,-,,,,,,,,,-,,
,,,,,,-,Resumen nutricional,Pax,,,,,,,-,Resumen nutricional,Pax
,,,,,,-,H.Carbono,0,,,,,,,-,H.Carbono,0
,,,,,,-,Proteina,0,,,,,,,-,Proteina,0
,,,,,,-,Verdura,55,,,,,,,-,Verdura,0
,,,,,,-,Total gr plato:,90,,,,,,,-,Total gr plato:,0
,,,,,,-,Costo por ración,"€0,25",,,,,,,-,Costo por ración,"€0,00"
,,,,,,-,Costo total,"€3,75",,,,,,,-,Costo total,"€0,00"
,Elaboracion,,,,,,,,,Elaboracion,,,,,,,
,1,,,,,,,,,1,,,,,,,
,2,,,,,,,,,2,,,,,,,
,3,,,,,,,,,3,,,,,,,
,4,,,,,,,,,4,,,,,,,
,5,,,,,,,,,5,,,,,,,
,6,,,,,,,,,6,,,,,,,
,,,,,,,,,,,,,,,,,
,,,,,,,,,,,,,,,,,
19,Spinach  cream pasta,,,,,,Costo por ración,"1,47 €",,Spinach  cream pasta(Wholemeal),,,,,,Costo por ración,"1,70 €"
,,,,Raciones,,"15,00",,,,,,,Raciones,,"25,00",,
,Ingredientes,,Gr porcion,Gramaje total,Unid,Costo unitario,,,,Ingredientes,,Gr porcion,Gramaje total,Unid,Costo unitario,,
,Macarrones,H.Carbono,120,1800,Gr,"2,16",,,,penne integral,H.Carbono,120,3000,Gr,"7,20",,
,carne soja,Proteina,35,525,Gr,"7,09",,,,Pechuga de pollo,Proteina,90,2250,Gr,"13,95",,
,Cebolla,Verdura,30,450,Ml,"1,01",,,,Cebolla,Verdura,30,750,Ml,"1,69",,
,Ajo morado,Verdura,10,150,Ml,"1,11",,,,Ajo morado,Verdura,10,250,Ml,"1,85",,
,Aceite oliva,Grasa,15,225,Gr,"0,88",,,,Aceite oliva,Grasa,15,375,Gr,"1,47",,
,Queso pasta,Lacteos,15,225,Gr,"1,35",,,,Queso pasta,Lacteos,15,375,Gr,"2,25",,
,Nata,Lacteos,90,1350,GR,"3,51",,,,Nata,Lacteos,90,2250,GR,"5,85",,
,Sal,Sin asignar,3,45,GR,"0,02",,,,Sal,Sin asignar,3,75,GR,"0,03",,
,Pimienta negra,Sin asignar,3,45,GR,"0,63",,,,Pimienta negra,Sin asignar,3,75,GR,"1,04",,
,Espinacas,Verdura,70,1050,,"4,34",,,,Espinacas,Verdura,70,1750,,"7,23",,
,,,,,,-,,,,,,,,,-,,
,,,,,,-,Resumen nutricional,Pax,,,,,,,-,Resumen nutricional,Pax
,,,,,,-,H.Carbono,120,,,,,,,-,H.Carbono,120
,,,,,,-,Proteina,35,,,,,,,-,Proteina,90
,,,,,,-,Verdura,110,,,,,,,-,Verdura,110
,,,,,,-,Total gr plato:,391,,,,,,,-,Total gr plato:,446
,,,,,,-,Costo por ración,"€1,47",,,,,,,-,Costo por ración,"€1,70"
,,,,,,-,Costo total,"€22,09",,,,,,,-,Costo total,"€42,55"
,Elaboracion,,,,,,,,,Elaboracion,,,,,,,
,1,,,,,,,,,1,,,,,,,
,2,,,,,,,,,2,,,,,,,
,3,,,,,,,,,3,,,,,,,
,4,,,,,,,,,4,,,,,,,
,5,,,,,,,,,5,,,,,,,
,6,,,,,,,,,6,,,,,,,
,,,,,,,,,,,,,,,,,
,,,,,,,,,,,,,,,,,
20, mushrooms cream pasta,,,,,,Costo por ración,"2,15 €",,Pasta pesto and vegetable,,,,,,Costo por ración,"1,31 €"
,,,,Raciones,,"15,00",,,,,,,Raciones,,"15,00",,
,Ingredientes,,Gr porcion,Gramaje total,Unid,Costo unitario,,,,Ingredientes,,Gr porcion,Gramaje total,Unid,Costo unitario,,
,Macarrones,H.Carbono,120,1800,Gr,"2,16",,,,macarrones,H.Carbono,120,1800,Gr,"2,16",,
,carne soja,Proteina,90,1350,Gr,"18,23",,,,Salsa pesto V,Sin asignar,30,450,Gr,"4,62",,
,Nata,Lacteos,70,1050,Ml,"2,73",,,,Cebolla,Verdura,30,450,Ml,"1,01",,
,Aceite oliva,Grasa,10,150,Ml,"0,59",,,,Judia verde plana,Verdura,10,150,Ml,"0,69",,
,Sal,Sin asignar,15,225,Gr,"0,09",,,,Brocoli,Verdura,45,675,Gr,"1,86",,
,Pimienta negra,Sin asignar,2,30,Gr,"0,42",,,,carne soja,Proteina,35,525,Gr,"7,09",,
,Cebolla,Verdura,15,225,GR,"0,51",,,,Aceite oliva,Grasa,5,75,GR,"0,29",,
,Queso Pasta,Lacteos,15,225,GR,"1,35",,,,Queso Pasta,Lacteos,5,75,GR,"0,45",,
,Champiñones,Verdura,80,1200,GR,"6,17",,,,Sal,Sin asignar,5,75,GR,"0,03",,
,,,,,,-,,,,Pimienta negra,Sin asignar,5,75,,"1,04",,
,,,,,,-,,,,pimiento verde,Verdura,10,150,,"0,42",,
,,,,,,-,Resumen nutricional,Pax,,,,,,,-,Resumen nutricional,Pax
,,,,,,-,H.Carbono,120,,,,,,,-,H.Carbono,120
,,,,,,-,Proteina,90,,,,,,,-,Proteina,35
,,,,,,-,Verdura,95,,,,,,,-,Verdura,95
,,,,,,-,Total gr plato:,417,,,,,,,-,Total gr plato:,300
,,,,,,-,Costo por ración,"€2,15",,,,,,,-,Costo por ración,"€1,31"
,,,,,,-,Costo total,"€32,23",,,,,,,-,Costo total,"€19,66"
,Elaboracion,,,,,,,,,Elaboracion,,,,,,,
,1,,,,,,,,,1,,,,,,,
,2,,,,,,,,,2,,,,,,,
,3,,,,,,,,,3,,,,,,,
,4,,,,,,,,,4,,,,,,,
,5,,,,,,,,,5,,,,,,,
,6,,,,,,,,,6,,,,,,,
,,,,,,,,,,,,,,,,,
,,,,,,,,,,,,,,,,,
21,Brocoli  cream pasta,,,,,,Costo por ración,"1,22 €",,Brocoli  cream pasta (Wholemeal),,,,,,Costo por ración,"1,36 €"
,,,,Raciones,,"25,00",,,,,,,Raciones,,"25,00",,
,Ingredientes,,Gr porcion,Gramaje total,Unid,Costo unitario,,,,Ingredientes,,Gr porcion,Gramaje total,Unid,Costo unitario,,
,Macarrones,H.Carbono,120,3000,Gr,"3,60",,,,penne integral,H.Carbono,120,3000,Gr,"7,20",,
,carne soja,Proteina,35,875,Gr,"11,81",,,,carne soja,Proteina,35,875,Gr,"11,81",,
,Nata,Lacteos,70,1750,Ml,"4,55",,,,Nata,Lacteos,70,1750,Ml,"4,55",,
,Aceite oliva,Grasa,10,250,Ml,"0,98",,,,Aceite oliva,Grasa,10,250,Ml,"0,98",,
,Sal,Sin asignar,15,375,Gr,"0,15",,,,Sal,Sin asignar,15,375,Gr,"0,15",,
,Pimienta negra,Sin asignar,2,50,Gr,"0,70",,,,Pimienta negra,Sin asignar,2,50,Gr,"0,70",,
,Cebolla,Verdura,15,375,GR,"0,84",,,,Cebolla,Verdura,15,375,GR,"0,84",,
,Queso Pasta,Lacteos,15,375,GR,"2,25",,,,Queso Pasta,Lacteos,15,375,GR,"2,25",,
,Brocoli,Verdura,80,2000,GR,"5,50",,,,Brocoli,Verdura,80,2000,GR,"5,50",,
,,,,,,-,,,,,,,,,-,,
,,,,,,-,,,,,,,,,-,,
,,,,,,-,Resumen nutricional,Pax,,,,,,,-,Resumen nutricional,Pax
,,,,,,-,H.Carbono,120,,,,,,,-,H.Carbono,120
,,,,,,-,Proteina,35,,,,,,,-,Proteina,35
,,,,,,-,Verdura,95,,,,,,,-,Verdura,95
,,,,,,-,Total gr plato:,362,,,,,,,-,Total gr plato:,362
,,,,,,-,Costo por ración,"€1,22",,,,,,,-,Costo por ración,"€1,36"
,,,,,,-,Costo total,"€30,38",,,,,,,-,Costo total,"€33,98"
,Elaboracion,,,,,,,,,Elaboracion,,,,,,,
,1,,,,,,,,,1,,,,,,,
,2,,,,,,,,,2,,,,,,,
,3,,,,,,,,,3,,,,,,,
,4,,,,,,,,,4,,,,,,,
,5,,,,,,,,,5,,,,,,,
,6,,,,,,,,,6,,,,,,,
,,,,,,,,,,,,,,,,,
,,,,,,,,,,,,,,,,,
22,"Pasta Chicken  Puttanesca (Vegetarian)                                                        
",,,,,,Costo por ración,"1,45 €",,"fusilli with,spinach and rosemary (Vegetarian)",,,,,,Costo por ración,"1,43 €"
,,,,Raciones,,"15,00",,,, (P147),,,Raciones,,"15,00",,
,Ingredientes,,Gr porcion,Gramaje total,Unid,Costo unitario,,,,Ingredientes,,Gr porcion,Gramaje total,Unid,Costo unitario,,
,Spaguettis,H.Carbono,120,1800,Gr,"2,16",,,,Pasta fusilli,H.Carbono,120,1800,Gr,"2,88",,
,huevos,Proteina,1,15,Gr,"2,85",,,,cebolla,Verdura,15,225,Gr,"0,51",,
,cebolla,Verdura,80,1200,Ml,"2,70",,,,carne soja,Proteina,35,525,Ml,"7,09",,
,Ajo morado,Verdura,100,1500,Ml,"11,07",,,,romero,Especies y Aromaticas,5,75,Ml,"0,00",,
,Aceite oliva,Grasa,10,150,Gr,"0,59",,,,ajo morado,Verdura,5,75,Gr,"0,55",,
,Tomate frito,Sin asignar,15,225,Gr,"0,25",,,,pimiento rojo,Verdura,35,525,Gr,"1,42",,
,sal,Sin asignar,15,225,GR,"0,09",,,,caldo vegetal,Sin asignar,10,150,GR,"1,06",,
,pimienta negra,Sin asignar,3,45,GR,"0,63",,,,Espinaca fresca,Verdura,50,750,GR,"3,10",,
,Aceitunas negras,Sin asignar,3,45,GR,"0,32",,,,parmesano,Lacteos,10,150,GR,"2,55",,
,alcaparras,Sin asignar,3,45,,"0,76",,,,vinagre vino ,No encontrado,3,45,,,,
,Tomate concentrado,Sin asignar,3,45,,"0,27",,,,Champiñones,Verdura,30,450,,"2,31",,
,,,,,,-,Resumen nutricional,Pax,,,,,,,-,Resumen nutricional,Pax
,,,,,,-,H.Carbono,120,,,,,,,-,H.Carbono,120
,,,,,,-,Proteina,1,,,,,,,-,Proteina,35
,,,,,,-,Verdura,180,,,,,,,-,Verdura,135
,,,,,,-,Total gr plato:,353,,,,,,,-,Total gr plato:,318
,,,,,,-,Costo por ración,"€1,45",,,,,,,-,Costo por ración,"€1,43"
,,,,,,-,Costo total,"€21,68",,,,,,,-,Costo total,"€21,47"
,Elaboracion,,,,,,,,,Elaboracion,,,,,,,
,1,,,,,,,,,1,,,,,,,
,2,,,,,,,,,2,,,,,,,
,3,,,,,,,,,3,,,,,,,
,4,,,,,,,,,4,,,,,,,
,5,,,,,,,,,5,,,,,,,
,6,,,,,,,,,6,,,,,,,
,,,,,,,,,,,,,,,,,
,,,,,,,,,,,,,,,,,
23,Pesto a la trappanese (Red Pesto with cherries)(Vegetarian),,,,,,Costo por ración,"2,11 €",,Tofu Pad Thai,,,,,,Costo por ración,"1,10 €"
,,,,Raciones,,"15,00",,,,,,,Raciones,,"25,00",,
,Ingredientes,,Gr porcion,Gramaje total,Unid,Costo unitario,,,,Ingredientes,,Gr porcion,Gramaje total,Unid,Costo unitario,,
,Macarrones,H.Carbono,120,1800,Gr,"2,16",,,,fideo de arroz,H.Carbono,80,2000,Gr,"8,54",,
,Cebolla,Verdura,20,300,Gr,"0,68",,,,Tofu,Proteina,100,2500,Gr,"6,05",,
,carne soja,Proteina,35,525,Ml,"7,09",,,,Cebolla,Verdura,20,500,Ml,"1,13",,
,Aceite oliva,Grasa,5,75,Ml,"0,29",,,,col,Verdura,30,750,Ml,"1,59",,
,parmesano,Lacteos,10,150,Gr,"2,55",,,,Huevos,Proteina,1,25,Gr,"4,75",,
,albahaca,Verdura,2,30,Gr,"2,30",,,,zanahoria,Verdura,20,500,Gr,"0,58",,
,Pesto trappanese,No encontrado,70,1050,GR,"14,75",,,,Judia verde plana,Verdura,20,500,GR,"2,30",,
,Tomate cherri,Verdura,30,450,GR,"1,80",,,,Cacahuete,Sin asignar,15,375,GR,"1,50",,
,,,,,,,,,,tamarindo,Sin asignar,5,125,GR,"0,66",,
,,,,,,-,,,,salsa pescado,Sin asignar,3,75,,"0,30",,
,,,,,,-,,,,Azúcar,Sin asignar,3,75,,"0,08",,
,,,,,,-,Resumen nutricional,Pax,,,,,,,-,Resumen nutricional,Pax
,,,,,,-,H.Carbono,120,,,,,,,-,H.Carbono,80
,,,,,,-,Proteina,35,,,,,,,-,Proteina,101
,,,,,,-,Verdura,52,,,,,,,-,Verdura,90
,,,,,,-,Total gr plato:,292,,,,,,,-,Total gr plato:,297
,,,,,,-,Costo por ración,"€2,11",,,,,,,-,Costo por ración,"€1,10"
,,,,,,-,Costo total,"€31,61",,,,,,,-,Costo total,"€27,47"
,Elaboracion,,,,,,,,,Elaboracion,,,,,,,
,1,,,,,,,,,1,,,,,,,
,2,,,,,,,,,2,,,,,,,
,3,,,,,,,,,3,,,,,,,
,4,,,,,,,,,4,,,,,,,
,5,,,,,,,,,5,,,,,,,
,6,,,,,,,,,6,,,,,,,
,,,,,,,,,,,,,,,,,
,,,,,,,,,,,,,,,,,
24,,,,,,,Costo por ración,"0,00 €",,,,,,,,Costo por ración,"0,00 €"
,,,,Raciones,,"25,00",,,,,,,Raciones,,"25,00",,
,Ingredientes,,Gr porcion,Gramaje total,Unid,Costo unitario,,,,Ingredientes,,Gr porcion,Gramaje total,Unid,Costo unitario,,
,,,,,Gr,-,,,,,,,,Gr,-,,
,,,,,Gr,-,,,,,,,,Gr,-,,
,,,,,Ml,-,,,,,,,,Ml,-,,
,,,,,Ml,-,,,,,,,,Ml,-,,
,,,,,Gr,-,,,,,,,,Gr,-,,
,,,,,Gr,-,,,,,,,,Gr,-,,
,,,,,GR,-,,,,,,,,GR,-,,
,,,,,GR,-,,,,,,,,GR,-,,
,,,,,GR,-,,,,,,,,GR,-,,
,,,,,,-,,,,,,,,,-,,
,,,,,,-,,,,,,,,,-,,
,,,,,,-,Resumen nutricional,Pax,,,,,,,-,Resumen nutricional,Pax
,,,,,,-,H.Carbono,0,,,,,,,-,H.Carbono,0
,,,,,,-,Proteina,0,,,,,,,-,Proteina,0
,,,,,,-,Verdura,0,,,,,,,-,Verdura,0
,,,,,,-,Total gr plato:,0,,,,,,,-,Total gr plato:,0
,,,,,,-,Costo por ración,"€0,00",,,,,,,-,Costo por ración,"€0,00"
,,,,,,-,Costo total,"€0,00",,,,,,,-,Costo total,"€0,00"
,Elaboracion,,,,,,,,,Elaboracion,,,,,,,
,1,,,,,,,,,1,,,,,,,
,2,,,,,,,,,2,,,,,,,
,3,,,,,,,,,3,,,,,,,
,4,,,,,,,,,4,,,,,,,
,5,,,,,,,,,5,,,,,,,
,6,,,,,,,,,6,,,,,,,